n,t_mean,t_stdev,t_Q0,t_Q1,t_Q2,t_Q3,t_Q4
4,0,0,0,0,0,0,0
8,0,0,0,0,0,0,0
16,0,0,0,0,0,0,0
32,0,0,0,0,0,0,0
64,2.44519e+006,5.77302e+006,0,0,0,0,1.5664e+007
128,1.59303e+007,5.39362e+006,5.247e+006,1.2411e+007,1.6034e+007,2.03268e+007,2.5672e+007
256,8.88814e+007,8.2436e+006,7.8636e+007,7.95322e+007,9.4275e+007,9.51642e+007,1.07604e+008
512,6.95047e+008,2.0995e+007,6.76676e+008,6.78878e+008,6.92644e+008,6.98776e+008,7.57619e+008
