n,t_mean,t_stdev,t_Q0,t_Q1,t_Q2,t_Q3,t_Q4
4,0,0,0,0,0,0,0
8,0,0,0,0,0,0,0
16,0,0,0,0,0,0,0
32,0,0,0,0,0,0,0
64,0,0,0,0,0,0,0
128,2.23991e+006,5.42664e+006,0,0,0,0,1.6e+007
256,1.05261e+007,7.49602e+006,0,0,1.5727e+007,1.58552e+007,1.6155e+007
512,7.38606e+007,7.77844e+006,6.3501e+007,6.41902e+007,7.95675e+007,7.98152e+007,8.0316e+007
