n,t_mean,t_stdev,t_Q0,t_Q1,t_Q2,t_Q3,t_Q4
4,0,0,0,0,0,0,0
8,0,0,0,0,0,0,0
16,0,0,0,0,0,0,0
32,0,0,0,0,0,0,0
64,0,0,0,0,0,0,0
128,2.45962e+006,4.3459e+006,0,0,0,2.3655e+006,1.5643e+007
256,1.96738e+007,5.85396e+006,1.1937e+007,1.58955e+007,1.6131e+007,2.14858e+007,3.2106e+007
512,1.63305e+008,1.133e+007,1.50444e+008,1.58486e+008,1.5887e+008,1.63859e+008,2.05049e+008
