n,t_mean,t_stdev,t_Q0,t_Q1,t_Q2,t_Q3,t_Q4
4,0,0,0,0,0,0,0
8,0,0,0,0,0,0,0
16,0,0,0,0,0,0,0
32,62656.2,354437,0,0,0,0,2.005e+006
64,62625,354260,0,0,0,0,2.004e+006
128,0,0,0,0,0,0,0
256,1.58706e+007,5.58868e+006,0,1.56488e+007,1.59085e+007,1.60665e+007,3.1554e+007
512,1.06275e+008,8.09989e+006,9.4795e+007,9.62768e+007,1.10897e+008,1.11728e+008,1.25323e+008
