n,t_mean,t_stdev,t_Q0,t_Q1,t_Q2,t_Q3,t_Q4
4,0,0,0,0,0,0,0
8,0,0,0,0,0,0,0
16,0,0,0,0,0,0,0
32,0,0,0,0,0,0,0
64,565062,2.75843e+006,0,0,0,0,1.5613e+007
128,2.65012e+006,6.09296e+006,0,0,0,0,1.6909e+007
256,2.0702e+007,7.49214e+006,1.2348e+007,1.6431e+007,1.674e+007,2.21212e+007,3.3764e+007
512,1.64292e+008,7.19409e+006,1.50803e+008,1.63179e+008,1.66434e+008,1.66704e+008,1.83368e+008
